Velocity,Repitition,Sustain,MidiPitch,Pitch,Time,Delete,Duration,Max,TransientFrame,SilenceFrame
pp,1,0,21,A0,45,,26.41,0.014867424964904785,80664167,81931841
pp,1,0,98,D7,10459,,3.07,0.0016115903854370117,580535243,580682573