Velocity,Repitition,Sustain,MidiPitch,Pitch,Time,Delete,Duration,Max,TransientFrame,SilenceFrame
mp,1,0,21,A0,103,,28.14,0.022371768951416016,83445076,84795633
pp,1,0,25,C#1,835,,23.52,0.01893925666809082,118583691,119712886
pp,2,0,104,G#7,10706,,1.05,0.00130462646484375,592376845,592427212