Velocity,Repitition,Sustain,MidiPitch,Pitch,Time,Delete,Duration,Max,TransientFrame,SilenceFrame
pp,1,0,21,A0,45,,27.5,0.014867424964904785,80664167,81983947
pp,1,0,98,D7,10459,,2.9,0.0016115903854370117,580535243,580674317