Velocity,Repitition,Sustain,MidiPitch,Pitch,Time,Delete,Duration,Max,TransientFrame,SilenceFrame
pp,1,0,21,A0,45,,25.71,0.014809131622314453,2283116,3517397
pp,1,0,98,D7,10459,,0.89,0.0015027523040771484,502154460,502196970
pp,1,0,107,B7,10811,,2.58,0.003005385398864746,519037126,519160822