Velocity,Repitition,Sustain,MidiPitch,Pitch,Time,Delete,Duration,Max,TransientFrame,SilenceFrame
mp,1,0,21,A0,103,,26.98,0.022371768951416016,83445076,84740204
pp,1,0,98,D7,10459,,1.71,0.0016115903854370117,580535243,580617535
pp,2,0,104,G#7,10706,,0.7,0.00130462646484375,592376845,592410423